title,director
For Greater Glory,Dean Wright
The Gift,Sam Raimi
Furthest Witness,Adam Del Giudice
6-5=2,Bharat Jain
14 Cameras,"Scott Hussion, Seth Fuller"
Small Town Crime,"Ian Nelms, Eshom Nelms"
Street Flow,"Leïla Sy, Kery James"
The Squid and the Whale,Noah Baumbach
John & Yoko: Above Us Only Sky,Michael Epstein
Dabbe 6: The Return,Hasan Karacadağ
Monster High: Fright On!,"Victor Dal Chele, Alfred Gimeno"
GHOUL,Patrick Graham
Clinical,Alistair Legrand
The Pirates of Somalia,Bryan Buckley
Outside In,Lynn Shelton
Dr. Seuss' The Cat in the Hat,Bo Welch
Mater,Pablo D'Alo Abba
De Film van Dylan Haegens,"Dylan Haegens, Bas van Teylingen"
Lavell Crawford: Can a Brother Get Some Love?,Michael Drumm
R.L. Stine's Mostly Ghostly,Richard Correll
A Witches' Ball,Justin G. Dyck
Mi Obra Maestra,Gastón Duprat
The Unknown Girl,"Jean-Pierre Dardenne, Luc Dardenne"
Inhuman Kiss,Sittisiri Mongkolsiri
Deathgrip,Clay Porter
Bebe's Kids,Bruce W. Smith
Jerry Before Seinfeld,Michael Bonfiglio
You're My Boss,Antoinette Jadaone
The Wandering Earth,Frant Gwo
Queen of the Desert,Werner Herzog
Manhunt,John Woo
Flying Guillotine 2,"Kang Cheng, Shan Hua"
You Can Tutu,James Brown
Jab Harry Met Sejal,Imtiaz Ali
Chelsea Peretti: One of the Greats,Lance Bangs
The Waterboy,Frank Coraci
Grego Rossello: Disculpe las molestias,Juani Libonatti
Yes or No,Saratswadee Wongsomphet
Act of Vengeance,Mahsun Kırmızıgül
Galih dan Ratna,Lucky Kuswandi
The Tree of Blood,Julio Medem
Kill Ratio,Paul Tanter
One Last Thing,Tim Rouhana
Russell Peters: Almost Famous,Dave Higby
Franco Escamilla: Bienvenido al mundo,Ulises Valencia
Ghanchakkar,Raj Kumar Gupta
A Heavy Heart,Thomas Stuber
A Billion Colour Story,Padmakumar Narasimhamurthy
Sat Sri Akal,Kamal Sahani
Rattlesnake,Zak Hilditch
Rowdy Rathore,Prabhu Deva
Naruto the Movie 2: Legend of the Stone of Gelel,Hirotsugu Kawasaki
Beiimaan Love,Rajeev Chaudhari
Rocky,John G. Avildsen
The Prison,Na Hyeon
Todd Glass: Stand-Up Special,Jay Chapman
Gosford Park,Robert Altman
"Monty Python Live (Mostly): One Down, Five to Go",Eric Idle
Çarsi Pazar,Muharrem Gülmez
Naruto the Movie: Ninja Clash in the Land of Snow,Tensai Okamura
The Music of Silence,Michael Radford
"Club de Cuervos Presents: I, Potro",Marcos Bucay
Jenny Slate: Stage Fright,Gillian Robespierre
Kath & Kimderella,Ted Emery
Consequences ,Ozan Açıktan
House Arrest,"Shashanka Ghosh, Samit Basu"
Trolls Holiday Special,Joel Crawford
Winter's Bone,Debra Granik
Carlos Ballarta: El amor es de putos,"Jan Suter, Raúl Campos Delgado"
Article 15,Anubhav Sinha
"As Above, So Below",John Erick Dowdle
42 Grams,Jack C. Newell
Saving Capitalism,Jacob Kornbluth
Forbidden Games: The Justin Fashanu Story,"Jon Carey, Adam Darke"
For Here or to Go?,Rucha Humnabadkar
Hero,Corey Yuen
Jeremy Scott: The People's Designer,Vlad Yudin
1st Summoning,Raymond Wood
Flash of Genius,Marc Abraham
In the Shadow of the Moon,Jim Mickle
Arthur,Jason Winer
Pandigai,Feroz
Punjab 1984,Anurag Singh
"The Goods: Live Hard, Sell Hard",Neal Brennan
He Never Died,Jason Krawczyk
Target,Raditya Dika
Pareeth Pandaari,Gafoor Y. Elliyaas
Görümce,Kıvanç Baruönü
Just Another Love Story,Ole Bornedal
Hisss,Jennifer Lynch
Naruto Shippuden: The Movie,Hajime Kamegaki
Deewana Main Deewana,K.C. Bokadia
Like Water for Chocolate,Alfonso Arau
Pedal the World,Felix Starck
Clarence Clemons: Who Do I Think I Am?,Nick Mead
"Houston, We Have a Problem!",Ziga Virc
Geronimo Stilton,Guy Vasilovich
Awake,"Aleksandr Chernyaev, Fedor Lyass"
Goon,Michael Dowse
Neruda,Pablo Larraín
Brooklyn's Finest,Antoine Fuqua
White Fang,Alexandre Espigares
Next Enti?,Kunal Kohli
Agyaat,Ram Gopal Varma
Employee of the Month,Greg Coolidge
"Michael Bolton's Big, Sexy Valentine's Day Special","Scott Aukerman, Akiva Schaffer"
The Tigers of Scotland,Leanne Gater
Cities of Last Things,Wi Ding Ho
Seven Sundays,Cathy Garcia-Molina
Bilu Rakkhosh,Indrasis Acharya
Kajraare,Pooja Bhatt
Toc Toc,Vicente Villanueva
Indiana Jones and the Temple of Doom,Steven Spielberg
Raging Bull,Martin Scorsese
You Changed My Life,Cathy Garcia-Molina
#Roxy,Michael Kennedy
Attacking the Devil: Harold Evans and the Last Nazi War Crime,"David Morris, Jacqui Morris"
Mariah Carey's Merriest Christmas,James Yukich
Shelby American,"Nate Adams, Adam Carolla"
Aurora,Yam Laranas
The Chosen One,Michel Tikhomiroff
Something Huge,Carlo Padial
Cristela Alonzo: Lower Classy,Marcus Raboy
Battle,Katarina Launing
Ginger & Rosa,Sally Potter
Superlopez,Javier Ruiz Caldera
1 Mile to You,Leif Tilden
Under the Shadow,Babak Anvari
Matichya Chuli,"Sudesh Manjrekar, Atul Kale"
Nova: Ultimate Mars Challenge,Gail Willumsen
How to Be a Player,Lionel C. Martin
The Skin of the Wolf,Samu Fuentes
Be Somebody,Joshua Caldwell
The Game,David Fincher
Transcendence,Wally Pfister
Locke,Steven Knight
Hayat Öpücügü,Şenol Sönmez
It's Now or Never,Maria Ripoll
Bobbi Jene,Elvira Lind
Moonwalkers,Antoine Bardou-Jacquet
Do Dooni Chaar,Habib Faisal
A Little Chaos,Alan Rickman
Revenge of the Green Dragons,"Andrew Lau Wai-Keung, Andrew Loo"
Me and the Alien,Jesús Magaña Vázquez
Malena Pichot: Estupidez compleja,"Raúl Campos, Jan Suter"
Nowhere Man,DJ Chen
Miss Hokusai,Keiichi Hara
Kacche Dhaagey,Buta Singh
Coco y Raulito: Carrusel de ternura,"Raúl Campos, Jan Suter"
Running Shaadi,Amit Roy
Kidnapping Mr. Heineken,Daniel Alfredson
XXx,Rob Cohen
Big Kill,Scott Martin
The Mayor,Park In-je
Tig,"Kristina Goolsby, Ashley York"
Shorts,Robert Rodriguez
Big Miracle,Ken Kwapis
Locked Up,Jared Cohn
Maya Memsaab,Ketan Mehta
Justice,Ahmed Khaled Moussa
Because We're Heading Out,Khaled El Halafawy
Despite Everything,Gabriela Tagliavini
Taal,Subhash Ghai
The Time Traveler's Wife,Robert Schwentke
Woody Woodpecker,Alex Zamm
Juanita,Clark Johnson
The Last Exorcism,Daniel Stamm
Kill Hitler! The Luck of the Devil,Frédéric Tonolli
The River Thief,N.D. Wilson
Boi,Jorge M. Fontana
Deon Cole: Cole Hearted,Ryan Polito
Gerald's Game,Mike Flanagan
King of Boys,Kemi Adetiba
Jackie: A Tale of Two Sisters,Edward Cotterill
Lionheart,Genevieve Nnaji
Phantom Boy,"Jean-Loup Felicioli, Alain Gagnol"
Surga Yang Tak Dirindukan 2,"Hanung Bramantyo, Meisa Felaroze"
Daagdi Chaawl,Chandrakant Kanse
Handsome Devil,John Butler
Heal,Kelly Noonan
Danny Says,Brendan Toller
Jagat,Shanjey Kumar Perumal
Movie 43,"Peter Farrelly, Will Graham, Steve Carr, Griffin Dunne, Steve Brill, James Duffy, Jonathan van Tulleken, Elizabeth Banks, Patrik Forsberg, Brett Ratner, Rusty Cundieff, James Gunn"
Romantik Komedi 2: Bekarlığa Veda,Erol Özlevi
Kanavu Variyam,Arun Chidambaram
"Crouching Tiger, Hidden Dragon",Ang Lee
Dedemin Fisi,Meltem Bozoflu
The Lives of Others,Florian Henckel von Donnersmarck
Submission,J.M. Berrios
Monty Python and the Holy Grail,"Terry Gilliam, Terry Jones"
Ascharyachakit!,Samit Kakkad
Dear Santa,Jason Priestley
Running for Grace,David L. Cunningham
Red Christmas,Craig Anderson
What a Wonderful Family!,Huang Lei
The Pursuit of Happyness,Gabriele Muccino
Fishtronaut: The Movie,"Célia Catunda, Kiko Mistrorigo, Rodrigo Eba"
Girlfriend's Day,Michael Paul Stephenson
Rodney King,Spike Lee
Monopoly (The Bank Of Luck),Ahmed El Gendy
Spanish Affair 2,Emilio Martínez Lázaro
Cult of Chucky,Don Mancini
Oh! Baby (Malayalam),B. V. Nandini Reddy
Natalia Valdebenito: Gritona,Natalia Valdebenito
You Get Me,Brent Bonacorso
Pukar,Rajkumar Santoshi
Tom Segura: Mostly Stories,Jay Karas
We Belong Together,Chris Stokes
My Suicide,David Lee Miller
3 Generations,Gaby Dellal
Hattrick,Milan Luthria
Virsa,Pankaj Batra
Pee-wee's Big Holiday,John Lee
Secrets of the Tower of London,Vicky Matthews
Blue Jasmine,Woody Allen
Ghost Tears,Kazuchika Kise
Annabelle Hooper and the Ghosts of Nantucket,Paul Serafini
Quién te cantará,Carlos Vermut
Bill Burr: You People Are All the Same,Jay Karas
Superfly,Gordon Parks
The Super,Stephan Rick
Meghnadbodh Rohoshyo,Anik Datta
Victim of Beauty,Roger Young
Bad Rap,Salima Koroma
Yoga Hosers,Kevin Smith
Face 2 Face,Matt Toronto
Misfit,Erwin van den Eshof
Di Renjie zhi Sidatianwang,Hark Tsui
Sand Storm,Elite Zexer
Katti Batti,Nikhil Advani
Beyond Skyline,Liam O'Donnell
Cheese in the Trap,Lee Yoon-jung
Power Rangers: Megaforce: The Robo Knight Before Christmas,James Barr
Filmworker,Tony Zierra
Rocky III,Sylvester Stallone
The Imaginarium of Doctor Parnassus,Terry Gilliam
The Invisible Guest,Paulo Oriol
Oh! Baby (Tamil),B. V. Nandini Reddy
My Perfect Romance,Justin G. Dyck
Monster Island,Leopoldo Aguilar
Liss Pereira: Reteniendo líquidos,Fernando Ayllón
Berserk: The Golden Age Arc III - The Advent,Toshiyuki Kubooka
The Bucket List,Rob Reiner
Can't Help Falling in Love,Mae Czarina Cruz
The Matrix,"Lilly Wachowski, Lana Wachowski"
The Figurine (Araromire),Kunle Afolayan
Mythily Veendum Varunnu,Sabu Varghese
Do Paise Ki Dhoop Chaar Aane Ki Baarish,Deepti Naval
The Ryan White Story,John Herzfeld
Naa Bangaaru Talli,Rajesh Touchriver
Darna Mana Hai,Prawal Raman
Tere Naal Love Ho Gaya,Mandeep Kumar
Echo in the Canyon,Andrew Slater
Middle School: The Worst Years of My Life,Steve Carr
Leo the Lion,Mario Cambi
Escape from Mr. Lemoncello’s Library,Scott McAboy
The Lobster,Yorgos Lanthimos
The Water Diviner,Russell Crowe
P,Paul Spurrier
The Wedding Party 2: Destination Dubai,Niyi Akinmolayan
The Wedding Party,Kemi Adetiba
The Blue Umbrella,Vishal Bhardwaj
Tarif de nuit,Julien Seri
Krystal,William H. Macy
Mallesham,Raj R
Entanglement,Jason James
Incomplete,Suman Mukhopadhyay
Azhar,Anthony D'Souza
A Wednesday,Neeraj Pandey
Jim Gaffigan: Mr. Universe,Jay Karas
The Pursuit,John Papola
Cop Car,Jon Watts
Swiped,Ann Deborah Fishman
Young Adult,Jason Reitman
Sample This,Dan Forrer
The Water Horse: Legend of the Deep,Jay Russell
Joan Rivers: Don't Start with Me,Scott L. Montoya
Late Life: The Chien-Ming Wang Story,Frank W Chen
The World's Most Wanted Animal,Victoria Bromley
Æon Flux,Karyn Kusama
Pyar Ke Do Pal,Rajiv Mehra
Sairat,Nagraj Manjule
Old Money,David Schalko
Kristy,Oliver Blackburn
6 Balloons,Marja Lewis Ryan
Game Over (Tamil Version),Ashwin Saravanan
Kickboxer: Retaliation,Dimitri Logothetis
Little Miss Sumo,Matt Kay
The American Meme,Bert Marcus
Death Note,Adam Wingard
Babel,Alejandro G. Iñárritu
SDU: Sex Duties Unit,Gary Mak
W/O Ram,Vijay Yelakanti
Love for Sale,Andibachtiar Yusuf
Justin Timberlake + the Tennessee Kids,Jonathan Demme
Painted Faces,Alex Law
The Cloverfield Paradox,Julius Onah
Monty Python: Before the Flying Circus,Will Yapp
Bright,David Ayer
Ricky Gervais: Humanity,John L. Spencer
